{"epoch": [0, 1, 2, 3, 4, 5, 6, 7, 8, 9, 10, 11, 12, 13, 14, 15, 16, 17, 18, 19, 20, 21, 22, 23, 24, 25, 26, 27, 28, 29], "train_acc": [31.05, 31.83, 40.81, 41.35, 46.68, 49.09, 49.74, 49.74, 51.44, 51.97, 57.31, 59.16, 60.37, 60.41, 60.41, 59.34, 60.03, 61.86, 62.31, 62.1, 63.91, 63.53, 64.92, 65.57, 64.98, 64.41, 65.09, 66.51, 66.74, 65.42], "val_acc": [], "train_loss": [67.3951063156128, 63.366655707359314, 60.31603133678436, 58.242393016815186, 57.5167418718338, 56.09291195869446, 55.30333209037781, 53.919931411743164, 53.456777453422546, 52.81342041492462, 53.13973093032837, 53.029088854789734, 51.780048966407776, 50.51416492462158, 50.60842740535736, 49.25304424762726, 49.50667881965637, 49.1710559129715, 47.56862699985504, 48.35956346988678, 48.06302881240845, 46.56011688709259, 46.26217997074127, 46.08611023426056, 46.24950075149536, 44.76739954948425, 45.83991837501526, 44.6959468126297, 43.875595688819885, 43.76663613319397, 44.41062831878662, 42.28468036651611, 42.363587737083435, 43.07361090183258, 42.757161140441895, 42.53019058704376, 42.52152931690216, 42.75813043117523, 41.508997678756714, 42.44489800930023, 41.639495849609375, 42.148807644844055, 40.43082022666931, 39.79773235321045, 40.694544553756714, 40.526400089263916, 40.37153887748718, 39.93364405632019, 39.257466554641724, 39.99036777019501, 38.66648328304291, 39.15169274806976, 38.66219627857208, 38.57687330245972, 39.307541251182556, 38.75727617740631, 38.57356607913971, 37.528104186058044, 38.33269155025482, 38.20596778392792, 36.48751735687256, 35.68014860153198, 35.227208375930786, 35.16199839115143, 34.84715926647186, 34.95424425601959, 34.87495470046997, 34.52442717552185, 34.991474866867065, 33.72619700431824, 35.86853337287903, 34.00763702392578, 34.217591881752014, 33.8206872344017, 33.80159878730774, 33.91572940349579, 33.57551181316376, 34.07220375537872, 33.72992789745331, 33.70755696296692, 34.26384150981903, 33.972758173942566, 33.72324621677399, 33.77392053604126, 33.49162173271179, 33.7128769159317, 33.2850005030632, 33.47257971763611, 33.59300661087036, 33.164944529533386, 32.5175958275795, 33.04364162683487, 33.01616585254669, 33.136411130428314, 33.108543157577515, 32.940430998802185, 32.902126014232635, 32.98881471157074, 32.890353977680206, 33.158861219882965, 32.951404333114624, 33.588849782943726, 32.18734681606293, 32.364135682582855, 33.110561192035675, 33.35273599624634, 32.127852976322174, 32.168823182582855, 31.669947624206543, 32.50431019067764, 31.824727833271027, 32.161049485206604, 32.79495906829834, 32.00357812643051, 31.12811779975891, 31.71798700094223, 32.74855422973633, 31.70726054906845, 31.92959028482437, 31.723147690296173, 30.412862420082092, 30.12506890296936, 30.202776491642, 29.78911519050598, 29.55310869216919, 29.022206008434296, 28.958841741085052, 29.60512763261795, 29.30574929714203, 29.062973082065582, 29.079548120498657, 28.858729243278503, 28.860364079475403, 28.875402688980103, 29.402746975421906, 28.891363978385925, 29.18300050497055, 28.583877563476562, 28.788369834423065, 28.72589784860611, 29.162360668182373, 29.5343120098114, 29.277316093444824, 28.76693469285965, 28.87793391942978, 28.866523802280426, 28.38001936674118, 28.97922372817993, 28.458512246608734, 29.242709755897522, 28.752005696296692, 29.320577383041382, 27.682241082191467, 27.840931296348572, 28.251032292842865, 29.079092264175415, 28.01266312599182, 28.53818678855896, 28.737103939056396, 27.659432530403137, 28.48931509256363, 28.20930916070938, 28.32947736978531, 27.793821394443512, 28.35761797428131, 28.46680623292923, 28.40918332338333, 27.898689925670624, 27.557560563087463, 28.125479876995087, 28.067227005958557, 28.270060896873474, 28.165861427783966, 28.224296152591705, 28.19473958015442, 27.0584796667099, 27.823184370994568, 28.177623689174652, 27.06703007221222, 27.296757340431213], "val_loss": [], "epoch_time": [55790.9453125, 55457.4609375, 55452.8125, 55427.02734375, 55462.43359375, 55540.8046875, 55448.98046875, 55472.703125, 55403.91796875, 55487.20703125, 55430.16015625, 55458.15625, 55460.62109375, 55444.5234375, 55439.54296875, 56284.19140625, 55601.66796875, 55508.0625, 55754.453125, 55946.90234375, 55700.34375, 55924.2578125, 55682.30078125, 55802.0390625, 55980.8203125, 55726.4375, 55871.5390625, 55934.8515625, 55683.359375, 55785.2421875]}